Framework ID,PDF_Title
001,ANSSI views on the Post-Quantum Cryptography transition.pdf
002,ASC-X9F-IR-01-2025-Post-Quantum-Cryptography-Financial-Readiness-Needs-Assessment-Informative-Report-Final-1.pdf
003,CSA_CNSA_2.0_ALGORITHMS.pdf
004,CSI_CNSA_2.0_FAQ_.pdf
005,ENISA Report - Post-Quantum Cryptography Current state and quantum mitigation-V2.pdf
006,EN_Position.pdf
007,IBM_Quantum_Safe_Roadmap.pdf
008,MIGRATION TO POST-QUANTUM CRYPTOGRAPHY.pdf
009,POST-QUANTUM CRYPTOGRAPHY READINESS IN U.S. COMMUNITY BANKS AND FINANCIAL SMES: A CYBERSECURITY RISK ASSESSMENT FRAMEWORK.pdf
010,PQ.1-Post-Quantum-Telco-Network-Impact-Assessment-Whitepaper-Version1.0.pdf
011,Post-Quantum Cryptography (PQC) Network Instrument: Measuring PQC Adoption Rates and Identifying Migration Pathways.pdf
012,Practical Preparations for the Post-Quantum World.pdf
013,Preparing for Quantum-Safe Cryptography.pdf
014,Product Categories for Technologies That Use Post-Quantum Cryptography Standards _ CISA.pdf
015,QUANTUM COMPUTING IN FINANCE: A STRATEGIC ROADMAP FOR INVESTORS AND BANKS.pdf
016,QUANTUM READINESS INDEX.pdf
017,QUANTUM-SAFE MIGRATION HANDBOOK.pdf
018,Quantum Computing Cybersecurity Preparedness Act.pdf
019,Quantum Readiness in Cryptography: A Maturity-Based Framework for Post- Quantum Transition.pdf
020,Quantum Readiness: Unlocking the Quantum Advantage for Australian Industries.pdf
021,Quantum computing and the financial system- opportunities and risks.pdf
022,Transitioning organizations to post-quantum cryptography.pdf
023,WEF_Quantum_Readiness_Toolkit_2023.pdf
024,WEF_Transitioning to_a_Quantum_Secure_Economy_2022.pdf
025,draft-ietf-pquip-pqc-engineers-14 - Post-Quantum Cryptography for Engineers.pdf
026,itsm.40.001-migration-post-quantum-cryptography-government-canada-e.pdf
027,pdf-quantum-threat-timeline-report-2025.pdf
028,pqc-migration-nist-sp-1800-38b-preliminary-draft.pdf
029,quantum-safe-cryptography.pdf
030,tr_103619v010101p.pdf
